municipio,codigo_tse,url,http,estado,votos,candidato,partido,sha256,arquivo_bruto,erro
Ibiporã,75914,https://resultados-sim.tse.jus.br/simulado/simulado2026/ele2026/21272/dados/pr/pr75914-c0007-e021272-u.json,200,CANDIDATO_AUSENTE,,,,d1d96baa7a33539951c1e460ff79f1e18b45f766d8749084a52dddff1e824486,raw/01_75914.json,
Londrina,76678,https://resultados-sim.tse.jus.br/simulado/simulado2026/ele2026/21272/dados/pr/pr76678-c0007-e021272-u.json,200,CANDIDATO_AUSENTE,,,,71a2c9134c733fe9651ae693baadecfcbee61f643a4461fdf2949e8f4a38ebca,raw/02_76678.json,
Cambé,74713,https://resultados-sim.tse.jus.br/simulado/simulado2026/ele2026/21272/dados/pr/pr74713-c0007-e021272-u.json,200,CANDIDATO_AUSENTE,,,,b0ec1b7530252e98e5d8cd967ad1cccbb87bb99a42601b0012c608ea861173de,raw/03_74713.json,
Rolândia,78255,https://resultados-sim.tse.jus.br/simulado/simulado2026/ele2026/21272/dados/pr/pr78255-c0007-e021272-u.json,200,CANDIDATO_AUSENTE,,,,3e4b86794122505e281b97565d00e03a8f32769feeeed88d6f7f8d7057da261b,raw/04_78255.json,
Jataizinho,76473,https://resultados-sim.tse.jus.br/simulado/simulado2026/ele2026/21272/dados/pr/pr76473-c0007-e021272-u.json,200,CANDIDATO_AUSENTE,,,,2d43181ad4689bb077fe83b6c948e54880279e6b2f361c5784e6f86057d18129,raw/05_76473.json,
Sertanópolis,79057,https://resultados-sim.tse.jus.br/simulado/simulado2026/ele2026/21272/dados/pr/pr79057-c0007-e021272-u.json,200,CANDIDATO_AUSENTE,,,,595486a7b68cf117320d0f46f9aa6a6b1b12d899b1ba305482834d404a6286dc,raw/06_79057.json,
Bela Vista do Paraíso,74535,https://resultados-sim.tse.jus.br/simulado/simulado2026/ele2026/21272/dados/pr/pr74535-c0007-e021272-u.json,200,CANDIDATO_AUSENTE,,,,337432e2728bcf440f7cbf5d00c9bde99b1f10fec14f4e21a03ebdebd1f07111,raw/07_74535.json,
Tamarana,75663,https://resultados-sim.tse.jus.br/simulado/simulado2026/ele2026/21272/dados/pr/pr75663-c0007-e021272-u.json,200,CANDIDATO_AUSENTE,,,,541b896a633322f0f5eca0b66554426e3d3160174cf0d43e09768aa56a4c811a,raw/08_75663.json,
Primeiro de Maio,77895,https://resultados-sim.tse.jus.br/simulado/simulado2026/ele2026/21272/dados/pr/pr77895-c0007-e021272-u.json,200,CANDIDATO_AUSENTE,,,,000d12694b1cb16c12c9b532303f336e20e9c82daf32a41ae2c9907eaf1cb745,raw/09_77895.json,
Alvorada do Sul,74136,https://resultados-sim.tse.jus.br/simulado/simulado2026/ele2026/21272/dados/pr/pr74136-c0007-e021272-u.json,200,CANDIDATO_AUSENTE,,,,55f57ad57a40e7bab95d3c9a21bdf3e0a6d7769d1ffc4f14d31f5bac5a052efb,raw/10_74136.json,
Assaí,74373,https://resultados-sim.tse.jus.br/simulado/simulado2026/ele2026/21272/dados/pr/pr74373-c0007-e021272-u.json,200,CANDIDATO_AUSENTE,,,,3a398f17f26a1f439612b4b1c7010776ca320bf3cccc7433e1764c0cefdf6f7e,raw/11_74373.json,
São Sebastião da Amoreira,78956,https://resultados-sim.tse.jus.br/simulado/simulado2026/ele2026/21272/dados/pr/pr78956-c0007-e021272-u.json,200,CANDIDATO_AUSENTE,,,,62e6e23ff960de24dfd7061b6b0625cc00beaed335ac1e2994cd42054539765c,raw/12_78956.json,
Nova América da Colina,77178,https://resultados-sim.tse.jus.br/simulado/simulado2026/ele2026/21272/dados/pr/pr77178-c0007-e021272-u.json,200,CANDIDATO_AUSENTE,,,,f00cba3e6ac846b0b21e37a410162539463405ea1e5abb87b302f4260d573b79,raw/13_77178.json,
Cornélio Procópio,75256,https://resultados-sim.tse.jus.br/simulado/simulado2026/ele2026/21272/dados/pr/pr75256-c0007-e021272-u.json,200,CANDIDATO_AUSENTE,,,,5b518b14b21c27f6ba74c3296bab682930dceb315fd73b8e6d52dcb70c89d364,raw/14_75256.json,
Bandeirantes,74454,https://resultados-sim.tse.jus.br/simulado/simulado2026/ele2026/21272/dados/pr/pr74454-c0007-e021272-u.json,200,CANDIDATO_AUSENTE,,,,4dc7facf3ac91fdbf0551a7eea37444961c0ea7302883403a74723971b3efc32,raw/15_74454.json,
Santa Mariana,78530,https://resultados-sim.tse.jus.br/simulado/simulado2026/ele2026/21272/dados/pr/pr78530-c0007-e021272-u.json,200,CANDIDATO_AUSENTE,,,,6f9945bf2af70fc5672b3e79306573dc81999dd8cc9b89111985dc7ed5421b23,raw/16_78530.json,
Andirá,74195,https://resultados-sim.tse.jus.br/simulado/simulado2026/ele2026/21272/dados/pr/pr74195-c0007-e021272-u.json,200,CANDIDATO_AUSENTE,,,,ffdc660158a70d503366e81d4ade508f1ca140ed70da335699dd1e0f018b04b4,raw/17_74195.json,
Cambará,74691,https://resultados-sim.tse.jus.br/simulado/simulado2026/ele2026/21272/dados/pr/pr74691-c0007-e021272-u.json,200,CANDIDATO_AUSENTE,,,,9c9b94c05535de1f78c24d574c648e29cd981710eecb14035511e530402977bd,raw/18_74691.json,
Jacarezinho,76295,https://resultados-sim.tse.jus.br/simulado/simulado2026/ele2026/21272/dados/pr/pr76295-c0007-e021272-u.json,200,CANDIDATO_AUSENTE,,,,98830ebe1b61787405373e8f2a7de30b3006edd3922f6a17cfc682fa791a636c,raw/19_76295.json,
Santo Antônio da Platina,78590,https://resultados-sim.tse.jus.br/simulado/simulado2026/ele2026/21272/dados/pr/pr78590-c0007-e021272-u.json,200,CANDIDATO_AUSENTE,,,,19d300d51033cbf5c06feeda368bebf8048804e037ad466c7c81851890395712,raw/20_78590.json,
Ribeirão Claro,78131,https://resultados-sim.tse.jus.br/simulado/simulado2026/ele2026/21272/dados/pr/pr78131-c0007-e021272-u.json,200,CANDIDATO_AUSENTE,,,,a8bac0f3f57fb601d3895ea7cf7c6c9fb5cd2420ddf030c558e1e0352a0fe94c,raw/21_78131.json,
Ribeirão do Pinhal,78158,https://resultados-sim.tse.jus.br/simulado/simulado2026/ele2026/21272/dados/pr/pr78158-c0007-e021272-u.json,200,CANDIDATO_AUSENTE,,,,f65ced22149d6b0d6fc63881d5571418aeaef3fcb8eb3b2712920f217fd3b1ee,raw/22_78158.json,
Joaquim Távora,76490,https://resultados-sim.tse.jus.br/simulado/simulado2026/ele2026/21272/dados/pr/pr76490-c0007-e021272-u.json,200,CANDIDATO_AUSENTE,,,,24733c0895618e261d6366ab9ecca1088fe329fc07a231f465baeaff3ac9c9e0,raw/23_76490.json,
Carlópolis,74918,https://resultados-sim.tse.jus.br/simulado/simulado2026/ele2026/21272/dados/pr/pr74918-c0007-e021272-u.json,200,CANDIDATO_AUSENTE,,,,3cbc02362d4ba1a70cf0cfdade79e918ca97127bc7346b52889f41daf4e0fb60,raw/24_74918.json,
Wenceslau Braz,79430,https://resultados-sim.tse.jus.br/simulado/simulado2026/ele2026/21272/dados/pr/pr79430-c0007-e021272-u.json,200,CANDIDATO_AUSENTE,,,,06a957f457cc6b8779b37aee174575d0e53d07fa0995d85aa06dcce4fe75d4bb,raw/25_79430.json,
Siqueira Campos,79073,https://resultados-sim.tse.jus.br/simulado/simulado2026/ele2026/21272/dados/pr/pr79073-c0007-e021272-u.json,200,CANDIDATO_AUSENTE,,,,45be45a2f17f448dd3d26d610ac01c83fae8ab1b1feae6ba35f8406b01c3921f,raw/26_79073.json,
Arapongas,74276,https://resultados-sim.tse.jus.br/simulado/simulado2026/ele2026/21272/dados/pr/pr74276-c0007-e021272-u.json,200,CANDIDATO_AUSENTE,,,,c47891e6ece90266a101b7ac7a64e0bb6feb8e1ee899045130d76e0ec34a59be,raw/27_74276.json,
Apucarana,74250,https://resultados-sim.tse.jus.br/simulado/simulado2026/ele2026/21272/dados/pr/pr74250-c0007-e021272-u.json,200,CANDIDATO_AUSENTE,,,,e5f464072f38dc101b9d4b4e5790b9dcd4968849646c61c5c8eb93696baf8677,raw/28_74250.json,
Sabáudia,78310,https://resultados-sim.tse.jus.br/simulado/simulado2026/ele2026/21272/dados/pr/pr78310-c0007-e021272-u.json,200,CANDIDATO_AUSENTE,,,,8686cb892bb74e50d3198c7eb243d0673665ddeb3049282d062e9f7b2907f55b,raw/29_78310.json,
Astorga,74390,https://resultados-sim.tse.jus.br/simulado/simulado2026/ele2026/21272/dados/pr/pr74390-c0007-e021272-u.json,200,CANDIDATO_AUSENTE,,,,7e5603a78ef47aa600e481fd3be6125f9e848479bbada2110e703841b14860d8,raw/30_74390.json,
Jaguapitã,76317,https://resultados-sim.tse.jus.br/simulado/simulado2026/ele2026/21272/dados/pr/pr76317-c0007-e021272-u.json,200,CANDIDATO_AUSENTE,,,,0e0f33ce3730caee7e6fae7c0523353c104d2cec52c004a489ad1011aa770341,raw/31_76317.json,
Porecatu,77798,https://resultados-sim.tse.jus.br/simulado/simulado2026/ele2026/21272/dados/pr/pr77798-c0007-e021272-u.json,200,CANDIDATO_AUSENTE,,,,24145b2654c4182292de67efebc7807c810fdb745785c842b5ce21fb200c6295,raw/32_77798.json,
Florestópolis,75574,https://resultados-sim.tse.jus.br/simulado/simulado2026/ele2026/21272/dados/pr/pr75574-c0007-e021272-u.json,200,CANDIDATO_AUSENTE,,,,e3284112614133b2b427ddc6de5bc107cee240dc4a25d4f00d30acacbb94b082,raw/33_75574.json,
Miraselva,77054,https://resultados-sim.tse.jus.br/simulado/simulado2026/ele2026/21272/dados/pr/pr77054-c0007-e021272-u.json,200,CANDIDATO_AUSENTE,,,,a0195c31584b324aa5d605ebaeaeb716a1de5cb0f20f75fa0a612ea9fdb1de86,raw/34_77054.json,
Centenário do Sul,74993,https://resultados-sim.tse.jus.br/simulado/simulado2026/ele2026/21272/dados/pr/pr74993-c0007-e021272-u.json,200,CANDIDATO_AUSENTE,,,,c036083e5df25d4812d2cea22c3f8efa662c098b8fa1e172f6e315dbb0f5bf23,raw/35_74993.json,
Guaraci,75795,https://resultados-sim.tse.jus.br/simulado/simulado2026/ele2026/21272/dados/pr/pr75795-c0007-e021272-u.json,200,CANDIDATO_AUSENTE,,,,6587f130258f55fd3b491876a5f75dce84bb527d5d0b56626df3acc582de5ee9,raw/36_75795.json,
Sertaneja,79030,https://resultados-sim.tse.jus.br/simulado/simulado2026/ele2026/21272/dados/pr/pr79030-c0007-e021272-u.json,200,CANDIDATO_AUSENTE,,,,747d95cabe24b2056c4790a018cba5da2ac936fbe79fbb43810d53310473d029,raw/37_79030.json,
Uraí,79413,https://resultados-sim.tse.jus.br/simulado/simulado2026/ele2026/21272/dados/pr/pr79413-c0007-e021272-u.json,200,CANDIDATO_AUSENTE,,,,1c8d99e70501f63ab6efe7edd6f0a5a93b9b66717a3d47e170682ed834fa35e1,raw/38_79413.json,
Leópolis,76619,https://resultados-sim.tse.jus.br/simulado/simulado2026/ele2026/21272/dados/pr/pr76619-c0007-e021272-u.json,200,CANDIDATO_AUSENTE,,,,f125936923d27baec8bc413f05136e5cdc3bcc4d940aff33bf5348ee9d6e8b19,raw/39_76619.json,
Rancho Alegre,78034,https://resultados-sim.tse.jus.br/simulado/simulado2026/ele2026/21272/dados/pr/pr78034-c0007-e021272-u.json,200,CANDIDATO_AUSENTE,,,,2bbc70539c580da6670c4f53dee95ca0604c4519f75166709b921456c624aa93,raw/40_78034.json,
Nova Fátima,77232,https://resultados-sim.tse.jus.br/simulado/simulado2026/ele2026/21272/dados/pr/pr77232-c0007-e021272-u.json,200,CANDIDATO_AUSENTE,,,,a7a8817235e50f47fc1f351eb63239f31a36c927a5b626d7398aeaec58431455,raw/41_77232.json,
Congonhinhas,75175,https://resultados-sim.tse.jus.br/simulado/simulado2026/ele2026/21272/dados/pr/pr75175-c0007-e021272-u.json,200,CANDIDATO_AUSENTE,,,,5c7b03dd4c8083e35faa460169506aa8e91c36fd8c53991776be97a92fe86f39,raw/42_75175.json,
Abatiá,74012,https://resultados-sim.tse.jus.br/simulado/simulado2026/ele2026/21272/dados/pr/pr74012-c0007-e021272-u.json,200,CANDIDATO_AUSENTE,,,,9b10bb074d5c91de4eaf551f20bfb48ab1be16587defcef50bc3b4026e9cf8f5,raw/43_74012.json,
Itambaracá,76139,https://resultados-sim.tse.jus.br/simulado/simulado2026/ele2026/21272/dados/pr/pr76139-c0007-e021272-u.json,200,CANDIDATO_AUSENTE,,,,8afa341052b39c748e0019bb1966d83ed7306563a60b17c999dfef4d11a41b44,raw/44_76139.json,
Barra do Jacaré,74519,https://resultados-sim.tse.jus.br/simulado/simulado2026/ele2026/21272/dados/pr/pr74519-c0007-e021272-u.json,200,CANDIDATO_AUSENTE,,,,ca1193f8eecc7e9d6657e7621ec365e1b60a66a406da52123749ecb6aa43dc85,raw/45_74519.json,
Jundiaí do Sul,76511,https://resultados-sim.tse.jus.br/simulado/simulado2026/ele2026/21272/dados/pr/pr76511-c0007-e021272-u.json,200,CANDIDATO_AUSENTE,,,,cac8a676f54b2caa9f88dc0458e4364679136ad6fda20364846ff99988fc3e60,raw/46_76511.json,
Salto do Itararé,78352,https://resultados-sim.tse.jus.br/simulado/simulado2026/ele2026/21272/dados/pr/pr78352-c0007-e021272-u.json,200,CANDIDATO_AUSENTE,,,,ee50e14d2cc1a81f79826d02142067b6c8633618b8d495ad752779b542cf793b,raw/47_78352.json,
Tomazina,79294,https://resultados-sim.tse.jus.br/simulado/simulado2026/ele2026/21272/dados/pr/pr79294-c0007-e021272-u.json,200,CANDIDATO_AUSENTE,,,,53de497e3f87ff8d124c42e410bd11950d96c61cc860f82880170a73c2f7d27f,raw/48_79294.json,
Quatiguá,77933,https://resultados-sim.tse.jus.br/simulado/simulado2026/ele2026/21272/dados/pr/pr77933-c0007-e021272-u.json,200,CANDIDATO_AUSENTE,,,,90e77530303a64969cd749d122e93d70e47a7f3cb7febf736c1f1dd48c646908,raw/49_77933.json,
Pinhalão,77631,https://resultados-sim.tse.jus.br/simulado/simulado2026/ele2026/21272/dados/pr/pr77631-c0007-e021272-u.json,200,CANDIDATO_AUSENTE,,,,6bf1f3cc791c9f54edf9ed5c40d12afdeb5fd839dcb9ec38bdd73a46800a7813,raw/50_77631.json,
